{
    "projects":[
        {
            "projectId":1,
            "projectName":"Dusa goutham",
            "projectHead":"Nandha kishore",
            "StartDate":"29/04/2021"
        },
        {
            "projectId":2,
            "projectName":"Sangu Adinarayana Reddy",
            "projectHead":"Nandha kishore",
            "StartDate":"28/04/2021"
        },
        {
            "projectId":3,
            "projectName":"K prabhakar",
            "projectHead":"Nandha kishore",
            "StartDate":"30/04/2021"
        },
        {
            "projectId":4,
            "projectName":"Vejju Pavan sai",
            "projectHead":"Yellmandha",
            "StartDate":"29/04/2021"
        }
        
    ]
}